{
  "autoAmpNotePoints": {
    "a": [
      2.3171822880911797e-10,
      3.243682478828717e-10,
      1.1891220179875008e-9,
      6.98478091661064e-10,
      2.5521916272162794e-12,
      2.2119371440889685e-12
    ],
    "b": [
      2.0004402136446736e-7,
      2.689924346900634e-7,
      7.221745878291553e-7,
      4.6959838971365554e-7,
      8.239264414981722e-9,
      6.117572986298528e-9
    ],
    "c": [
      0.000568622493976992,
      0.000683488380955336,
      0.001234558321700735,
      0.0008953356662568971,
      0.00012140750128604421,
      0.00008106328926428914
    ],
    "d": 0.019606889748702526
  },
  "autoSpeakerNotePoints": {
    "a": [
      0.000004590152435535583,
      3.576895592214333e-7,
      -0.000010479178739746334,
      -0.000004336267535766502,
      0.000005661077395177417,
      -0.000007135768496278768
    ],
    "b": [
      0.0007051217602971101,
      0.00036239299831846225,
      -0.0003835708933712879,
      -0.00014787967150930976,
      0.0009458826023954329,
      -0.0006611047601234892
    ],
    "c": [
      0.24906227446551926,
      0.1714203705905163,
      0.0975431635493748,
      0.07234635899683588,
      0.4003041457298352,
      0.0038804256189773406
    ],
    "d": 0.7551334934709254
  },
  "autoLeavePoints": {
    "a": [
      2.213079445923065e-7,
      2.520831565088486e-7,
      4.872646555335556e-7,
      3.16353038791072e-7,
      2.0201142044298043e-7,
      4.653543009751449e-8
    ],
    "b": [
      0.00011014578619837147,
      0.00011643783007915534,
      0.0001829551884762772,
      0.00013030152151454903,
      0.00010612888329174186,
      0.000031629637883886565
    ],
    "c": [
      0.14166627638318313,
      0.1427913672310628,
      0.18038944143874502,
      0.14614421361274313,
      0.14164295541851651,
      0.06481246469910835
    ],
    "d": 0.7705962616024797
  },
  "teleopAmpNotePoints": {
    "a": [
      2.8873711631989173e-7,
      5.325643642174636e-7,
      0.0000010593437039057806,
      6.382162898656718e-7,
      2.1133296456340098e-7,
      2.3549968810753188e-8
    ],
    "b": [
      0.00011929528590091975,
      0.00017290194542735318,
      0.00028153086287230426,
      0.00018707339843405864,
      0.00010344479729001742,
      0.000019161479658474027
    ],
    "c": [
      0.13293700204364414,
      0.15426465673762554,
      0.20172766436782058,
      0.152100349997093,
      0.13167392911015713,
      0.0492702958434752
    ],
    "d": 0.7061089783109069
  },
  "teleopSpeakerNotePoints": {
    "a": [
      -2.2448597254042583e-7,
      -0.000003340522167474795,
      -0.000020594528468926266,
      -0.000012930114638905353,
      0.0000033029033492738012,
      5.581166271068391e-7
    ],
    "b": [
      0.00022200054702728182,
      -0.00005324470505950499,
      -0.0007231065263042671,
      -0.0005097805836109955,
      0.0006310365481091544,
      0.00024407678368100198
    ],
    "c": [
      0.17797772143739488,
      0.11683422439620614,
      0.11591457701572834,
      0.08432665196919467,
      0.3026058603989742,
      0.19742850498994266
    ],
    "d": 0.6050979672338554
  },
  "foulPoints": {
    "a": [
      -0.000003948627645287037,
      -0.0000027484773386110366,
      -0.000008493145167669684,
      3.6534370921764323e-7,
      4.190803109270311e-7,
      -2.9319536381465002e-8
    ],
    "b": [
      -0.000264051095489326,
      -0.0003491096517722533,
      -0.0008729540229199164,
      -0.0003220422203345333,
      0.00024541265932485093,
      0.00006215367924491399
    ],
    "c": [
      0.12260058874095041,
      0.0183884277111009,
      0.05340014700818222,
      -0.0055450357799425,
      0.31218269135370874,
      0.14782594939425517
    ],
    "d": 1.7632089104082542
  },
  "endGameHarmonyPoints": {
    "a": [
      2.1589644531017087e-11,
      1.0281143031957278e-10,
      6.687288366332358e-10,
      3.4283760871702015e-10,
      1.7512765842873297e-12,
      8.093193935180256e-13
    ],
    "b": [
      5.269829890447094e-8,
      1.4827527752113876e-7,
      6.664667439499167e-7,
      3.404152079900892e-7,
      1.2266708451677318e-8,
      4.924860921228203e-9
    ],
    "c": [
      0.00048648778054961764,
      0.0006943972288342266,
      0.0016633392434755674,
      0.0008480100187811848,
      0.0002827129467223559,
      0.00013104964216267286
    ],
    "d": 0.040527428802757184
  },
  "endGameNoteInTrapPoints": {
    "a": [
      5.1049276295526074e-8,
      1.3359755492238492e-7,
      6.002336696536356e-7,
      3.3120195583583496e-7,
      1.3607864102994755e-9,
      2.889715730720963e-10
    ],
    "b": [
      0.00002397944138891359,
      0.0000486686959509626,
      0.00013216835782430103,
      0.00007936207417776813,
      0.0000025411780301057606,
      6.379067133991742e-7
    ],
    "c": [
      0.036229488247207994,
      0.05065658123161455,
      0.0850801798497469,
      0.05626188466371043,
      0.0139975882409569,
      0.005684873332914871
    ],
    "d": 0.32817624899671644
  },
  "endGameOnStagePoints": {
    "a": [
      1.5072341602841673e-7,
      2.929475254930404e-7,
      8.477671585085132e-7,
      4.0672851073090265e-7,
      1.0544960642594724e-7,
      1.8572519626471992e-8
    ],
    "b": [
      0.00007763290588595333,
      0.00011011161870663663,
      0.0002315041509762366,
      0.0001242919022823013,
      0.0000648609799152733,
      0.000015927122277783946
    ],
    "c": [
      0.10666848314764446,
      0.11714638490115113,
      0.17504118928933934,
      0.10957481550436256,
      0.10466418871912751,
      0.044202382101849555
    ],
    "d": 0.7182263606204433
  },
  "endGameParkPoints": {
    "a": [
      1.717657953340202e-8,
      1.9217813846240734e-8,
      5.160615248021663e-8,
      2.739671583206596e-8,
      1.4234062877716514e-8,
      5.610001295717809e-9
    ],
    "b": [
      0.000019714586227994582,
      0.000020323947826826118,
      0.00004044522336562945,
      0.000024066579375565488,
      0.00001814413911447235,
      0.000007932443723429788
    ],
    "c": [
      0.060196129432293695,
      0.05891332318431557,
      0.08482608692578818,
      0.059500757872937904,
      0.05945850411109283,
      0.03304852397261296
    ],
    "d": 0.8033638603728946
  },
  "endGameSpotLightBonusPoints": {
    "a": [
      2.863221033393116e-12,
      1.732051911650691e-11,
      1.3573927646805533e-10,
      6.174111508834466e-11,
      5.088621178588396e-13,
      2.3163169642529805e-13
    ],
    "b": [
      1.207834899259542e-8,
      3.513155649651197e-8,
      1.7779309900266476e-7,
      7.939572759591394e-8,
      4.8706894370008704e-9,
      1.935629793236894e-9
    ],
    "c": [
      0.000210932123108898,
      0.00026599850324461214,
      0.0006686346417404837,
      0.0002934248946276634,
      0.00016165093657069613,
      0.00007299503420356302
    ],
    "d": 0.03420959570798933
  },
  "totalPoints": {
    "a": [
      -0.00001570986018607373,
      -0.000025233562468588623,
      -0.000009625102465789814,
      0.0000027389994977586503,
      -0.000030107669830218877,
      -0.00009066026773069553
    ],
    "b": [
      0.0011042550554875444,
      0.004814020815961951,
      0.002696746134924953,
      0.0005130741366724473,
      0.0010624879565083569,
      -0.0035782437589473304
    ],
    "c": [
      0.19211084807782391,
      0.036710766250657736,
      -0.15809389359698378,
      -0.024438433066061617,
      0.5472845930086833,
      0.45364186376687776
    ],
    "d": 0.5638778222510111
  }
}