{
  "autoAmpNotePoints": {
    "a": [
      2.3171822880911797e-10,
      3.243682478828717e-10,
      1.1891220179875008e-9,
      6.98478091661064e-10,
      2.5521916272162794e-12,
      2.2119371440889685e-12
    ],
    "b": [
      2.0004402136446736e-7,
      2.689924346900634e-7,
      7.221745878291553e-7,
      4.6959838971365554e-7,
      8.239264414981722e-9,
      6.117572986298528e-9
    ],
    "c": [
      0.000568622493976992,
      0.000683488380955336,
      0.001234558321700735,
      0.0008953356662568971,
      0.00012140750128604421,
      0.00008106328926428914
    ],
    "d": 0.019606889748702526
  },
  "autoSpeakerNotePoints": {
    "a": [
      0.0000042207653236362505,
      2.604982517056251e-7,
      -0.000007599430141890594,
      -0.000001963005478360723,
      0.00000419249965127113,
      -0.000009327697178437333
    ],
    "b": [
      0.0007042293074418072,
      0.00037623437062537276,
      -0.00036256453566199133,
      -0.00008207066598343368,
      0.0008635947207750323,
      -0.0008658851787426088
    ],
    "c": [
      0.25123927551914105,
      0.17134654640249614,
      0.08479177990541528,
      0.0685388890218035,
      0.414460541030593,
      -0.0048765759330420475
    ],
    "d": 0.8621733290426735
  },
  "autoLeavePoints": {
    "a": [
      2.213079445923065e-7,
      2.520831565088486e-7,
      4.872646555335556e-7,
      3.16353038791072e-7,
      2.0201142044298043e-7,
      4.653543009751449e-8
    ],
    "b": [
      0.00011014578619837147,
      0.00011643783007915534,
      0.0001829551884762772,
      0.00013030152151454903,
      0.00010612888329174186,
      0.000031629637883886565
    ],
    "c": [
      0.14166627638318313,
      0.1427913672310628,
      0.18038944143874502,
      0.14614421361274313,
      0.14164295541851651,
      0.06481246469910835
    ],
    "d": 0.7705962616024797
  },
  "teleopAmpNotePoints": {
    "a": [
      2.8873711631989173e-7,
      5.325643642174636e-7,
      0.0000010593437039057806,
      6.382162898656718e-7,
      2.1133296456340098e-7,
      2.3549968810753188e-8
    ],
    "b": [
      0.00011929528590091975,
      0.00017290194542735318,
      0.00028153086287230426,
      0.00018707339843405864,
      0.00010344479729001742,
      0.000019161479658474027
    ],
    "c": [
      0.13293700204364414,
      0.15426465673762554,
      0.20172766436782058,
      0.152100349997093,
      0.13167392911015713,
      0.0492702958434752
    ],
    "d": 0.7061089783109069
  },
  "teleopSpeakerNotePoints": {
    "a": [
      -3.158836811917606e-7,
      -0.0000032871715036841177,
      -0.00002112342363554765,
      -0.00001324459341809477,
      0.0000031132501377375766,
      3.082800698986728e-7
    ],
    "b": [
      0.0002134138918398171,
      -0.00005277660093136734,
      -0.0007549884917715532,
      -0.0005246091153004876,
      0.0006187800035790409,
      0.00022351050048862868
    ],
    "c": [
      0.17686460455529296,
      0.11673805392066507,
      0.11439108589154313,
      0.08604474543116405,
      0.30468024480730166,
      0.19890130786379112
    ],
    "d": 0.622433992971867
  },
  "foulPoints": {
    "a": [
      -0.00000440681355595343,
      -0.0000022774077133871977,
      -0.000005925935505868579,
      0.0000020449119958329664,
      2.9185280112010155e-7,
      -1.5192076661346012e-7
    ],
    "b": [
      -0.00031448060032929144,
      -0.0003555100205340226,
      -0.000859868385152229,
      -0.000287924439249239,
      0.00023043634139116736,
      0.00004187465035877495
    ],
    "c": [
      0.1166589568089946,
      0.014564290205775259,
      0.04782660842506618,
      -0.005453073107049974,
      0.31553145432922536,
      0.14439358805471939
    ],
    "d": 1.8564016371770062
  },
  "endGameHarmonyPoints": {
    "a": [
      2.1589644531017087e-11,
      1.0281143031957278e-10,
      6.687288366332358e-10,
      3.4283760871702015e-10,
      1.7512765842873297e-12,
      8.093193935180256e-13
    ],
    "b": [
      5.269829890447094e-8,
      1.4827527752113876e-7,
      6.664667439499167e-7,
      3.404152079900892e-7,
      1.2266708451677318e-8,
      4.924860921228203e-9
    ],
    "c": [
      0.00048648778054961764,
      0.0006943972288342266,
      0.0016633392434755674,
      0.0008480100187811848,
      0.0002827129467223559,
      0.00013104964216267286
    ],
    "d": 0.040527428802757184
  },
  "endGameNoteInTrapPoints": {
    "a": [
      5.966558067202925e-8,
      1.5131118420887256e-7,
      6.748522929979614e-7,
      3.7503083019545945e-7,
      1.5199640434602727e-9,
      2.9921274682335275e-10
    ],
    "b": [
      0.00002791166568000444,
      0.00005531779636644165,
      0.00014705950090307716,
      0.00008923759249659592,
      0.0000028451691064564096,
      6.823251542307355e-7
    ],
    "c": [
      0.041504278141604685,
      0.05702215180633783,
      0.09352351282111696,
      0.0628702089214227,
      0.015569145115794492,
      0.006236369402054083
    ],
    "d": 0.3335284160313233
  },
  "endGameOnStagePoints": {
    "a": [
      1.5087227441411443e-7,
      2.926436514223609e-7,
      8.43541061880296e-7,
      3.993721508784869e-7,
      1.0769871756481427e-7,
      1.836703099654154e-8
    ],
    "b": [
      0.00007822189392088288,
      0.00011042776683421167,
      0.00023064187380697861,
      0.0001226476796456198,
      0.0000661163000144835,
      0.00001587646007787691
    ],
    "c": [
      0.10759970181419314,
      0.11760198508902446,
      0.17475208968140604,
      0.10876181825645966,
      0.10633291303544705,
      0.04445979098458517
    ],
    "d": 0.7251908641620564
  },
  "endGameParkPoints": {
    "a": [
      1.7381360186042327e-8,
      1.941204428198543e-8,
      5.20814590137618e-8,
      2.760706710828359e-8,
      1.442400818407737e-8,
      5.698815474811881e-9
    ],
    "b": [
      0.000019948928166217742,
      0.000020544953446769095,
      0.000040835772974770425,
      0.000024280371601374896,
      0.000018374179327257102,
      0.000008058028980250975
    ],
    "c": [
      0.06088931940579834,
      0.059571084614772535,
      0.0856949562541453,
      0.06010935074570477,
      0.06017287242213846,
      0.033547889464038055
    ],
    "d": 0.8125240793410099
  },
  "endGameSpotLightBonusPoints": {
    "a": [
      2.863221033393116e-12,
      1.732051911650691e-11,
      1.3573927646805533e-10,
      6.174111508834466e-11,
      5.088621178588396e-13,
      2.3163169642529805e-13
    ],
    "b": [
      1.207834899259542e-8,
      3.513155649651197e-8,
      1.7779309900266476e-7,
      7.939572759591394e-8,
      4.8706894370008704e-9,
      1.935629793236894e-9
    ],
    "c": [
      0.000210932123108898,
      0.00026599850324461214,
      0.0006686346417404837,
      0.0002934248946276634,
      0.00016165093657069613,
      0.00007299503420356302
    ],
    "d": 0.03420959570798933
  }
}