{
  "autoAmpNotePoints": {
    "a": [
      2.3262835257031142e-10,
      3.255953741742796e-10,
      4.426561404948594e-11,
      7.005968985350377e-10,
      6.885943191504032e-11,
      5.967092664681525e-11
    ],
    "b": [
      2.0040347733228492e-7,
      2.695850544204474e-7,
      8.052487687069886e-8,
      4.7062084270707854e-7,
      7.412296863591868e-8,
      5.502217059203025e-8
    ],
    "c": [
      0.0005695162108416224,
      0.0006848955535437487,
      0.00041277399285000345,
      0.0008969723372318815,
      0.00036424681762280717,
      0.00024316828634260513
    ],
    "d": 0.01962095142260475
  },
  "autoSpeakerNotePoints": {
    "a": [
      0.0000111393460227483,
      0.000005166849088167617,
      0.0000018064294467888944,
      0.000003938725138858207,
      -0.00000473630146985212,
      -0.000012897956055479249
    ],
    "b": [
      0.0011599886487099944,
      0.000778206370173755,
      0.0002856619794355097,
      0.0003134884865347619,
      -0.0004448410083576361,
      -0.001982189926239948
    ],
    "c": [
      0.23123036095707722,
      0.16460878762213393,
      0.09799648374099879,
      0.05384163123724701,
      0.18518056601986516,
      0.08121310701447981
    ],
    "d": 0.35624202543732525
  },
  "autoLeavePoints": {
    "a": [
      1.488646813982297e-7,
      1.912709595694505e-7,
      1.3488142610261446e-8,
      2.510928791218012e-7,
      0.0000023788655244946826,
      -3.03133537088958e-7
    ],
    "b": [
      0.00006960639023810492,
      0.00008023658484664776,
      0.000013915899318404241,
      0.00009351329355354836,
      0.00043429330400967126,
      -0.000010246285653167427
    ],
    "c": [
      0.08166880535581104,
      0.08639283634835496,
      0.03629532251032,
      0.09114239634266272,
      0.20172207828379315,
      0.0425174624719155
    ],
    "d": 0.38442114795302007
  },
  "teleopAmpNotePoints": {
    "a": [
      3.5346682495232213e-7,
      7.687553743266899e-7,
      5.318298835963952e-8,
      8.627358991412627e-7,
      0.0000025538551144959838,
      -0.0000012179113709873856
    ],
    "b": [
      0.00013069659259597343,
      0.00022207391500277522,
      0.000036608319753488064,
      0.00022368234371227604,
      0.00043222531930172515,
      -0.00015413660994862083
    ],
    "c": [
      0.11827624086975219,
      0.1583706041624667,
      0.061888364080360816,
      0.14960687095324907,
      0.19035141245736434,
      -0.0017954159459725966
    ],
    "d": 0.3708552373701341
  },
  "teleopSpeakerNotePoints": {
    "a": [
      0.000003967608843047618,
      0.0000033104391735277996,
      3.028930196460236e-7,
      -0.000003859556325370112,
      -0.000019107657775952123,
      -0.000021397191523401995
    ],
    "b": [
      0.0004552674641089152,
      0.00040421566735212054,
      0.00009041146787876322,
      -0.00001760126351482343,
      0.00005301131787136091,
      -0.00036811704444974065
    ],
    "c": [
      0.13012463337964936,
      0.12090489579554678,
      0.06640159480925394,
      0.08119746712940998,
      0.17111127361640352,
      0.11796372731582062
    ],
    "d": 0.21664590940414574
  },
  "foulPoints": {
    "a": [
      -0.000002864987130862616,
      -0.000002735021133324766,
      -7.706396569536211e-7,
      -0.000006424616682628818,
      -0.000021344768748246874,
      -0.00001593816402694199
    ],
    "b": [
      -0.00019475201014121601,
      -0.00028190678029957296,
      -0.0000712414781049031,
      -0.000355179088723547,
      -0.000872350338248531,
      -0.0009035840942198536
    ],
    "c": [
      0.09142981789671716,
      0.028452380600646768,
      0.04520300716264407,
      0.0034663868357586096,
      0.19731858300268873,
      0.04802218009420762
    ],
    "d": 1.193408460460399
  },
  "endGameHarmonyPoints": {
    "a": [
      2.1683662118379343e-11,
      1.0321709377056655e-10,
      2.4889633642454595e-11,
      3.4420420564884836e-10,
      4.7150683361151586e-11,
      2.1727640904363052e-11
    ],
    "b": [
      5.28881171233663e-8,
      1.4886561152918608e-7,
      7.441384854226436e-8,
      3.4176697558958343e-7,
      1.1026745470971007e-7,
      4.4181759408271016e-8
    ],
    "c": [
      0.000487918842408866,
      0.0006971624872679493,
      0.0005571474176205948,
      0.0008513709011133316,
      0.0008479522032856649,
      0.00039276857733178654
    ],
    "d": 0.04055617858204188
  },
  "endGameNoteInTrapPoints": {
    "a": [
      7.8387246836562e-8,
      2.0435221016780212e-7,
      3.66228921519662e-8,
      5.116383099931273e-7,
      3.707220908734188e-8,
      4.4055556077245434e-10
    ],
    "b": [
      0.00003668851171487296,
      0.00007452905572451856,
      0.000024037456619364255,
      0.00012145472766540564,
      0.000026306530608001654,
      0.0000039234347180518735
    ],
    "c": [
      0.05479391845119578,
      0.07779872827191063,
      0.04610456939009469,
      0.08534565316214811,
      0.05083178907694675,
      0.018425734886828866
    ],
    "d": 0.34948766361631034
  },
  "endGameOnStagePoints": {
    "a": [
      1.7018174984047212e-7,
      3.9777625830724933e-7,
      4.496289144529322e-8,
      5.447307285592274e-7,
      0.0000010809351516089267,
      -6.457645446226005e-7
    ],
    "b": [
      0.00008365187922117047,
      0.00013723895511090877,
      0.000032988723623529475,
      0.00014958717766239387,
      0.0002684909201519632,
      -0.00008084119777353019
    ],
    "c": [
      0.10104191072820382,
      0.12379821927779402,
      0.06201140259412692,
      0.11334836844925222,
      0.16731742476927997,
      0.01667716410048289
    ],
    "d": 0.446935659775813
  },
  "endGameParkPoints": {
    "a": [
      1.2017590629988282e-8,
      1.3969905661725352e-8,
      1.3856634876966544e-9,
      2.003787449759785e-8,
      2.386720865145607e-7,
      7.756474783946638e-8
    ],
    "b": [
      0.000013681726852323462,
      0.000014464851670356171,
      0.000003207437030850162,
      0.000017284797742495718,
      0.00010425646989767956,
      0.00003923696482161325
    ],
    "c": [
      0.041317067074222176,
      0.04094772997396704,
      0.019741682457217545,
      0.041780231487896606,
      0.1169114960467122,
      0.05935863892563166
    ],
    "d": 0.5403607241781171
  },
  "endGameSpotLightBonusPoints": {
    "a": [
      2.8735956668794303e-12,
      1.7367705248456086e-11,
      5.043640799299474e-12,
      6.190279335886498e-11,
      1.3713542941966645e-11,
      6.232372594193482e-12
    ],
    "b": [
      1.2104518452867097e-8,
      3.5215838367145336e-8,
      1.981143085258578e-8,
      7.958939429078527e-8,
      4.3792791537414556e-8,
      1.7382920848129612e-8
    ],
    "c": [
      0.0002112050513362655,
      0.0002665449895810362,
      0.00022344638316206458,
      0.0002940925767419985,
      0.00048475564994732975,
      0.00021878607745113822
    ],
    "d": 0.03421292772618614
  }
}