{
  "autoAmpNotePoints": {
    "a": [
      0,
      0,
      0,
      0,
      0,
      0
    ],
    "b": [
      0,
      0,
      0,
      0,
      0,
      0
    ],
    "c": [
      0,
      0,
      0,
      0,
      0,
      0
    ],
    "d": 0
  },
  "autoSpeakerNotePoints": {
    "a": [
      -0.00000409744825756511,
      -0.000008193747524836367,
      9.442697262709404e-7,
      0.00001274406453588727,
      0.000020391018172653657,
      0.000054073965608487424
    ],
    "b": [
      -0.004747749300447612,
      -0.01018320591854985,
      0.00688879742646728,
      0.0040718941843833345,
      -0.005695803780795552,
      0.0047722861777549945
    ],
    "c": [
      0.5312472242941421,
      0.2415569364854399,
      0.6511504821111194,
      -0.1846102534250314,
      0.6380586733524569,
      -0.7143547395901657
    ],
    "d": -0.601591621881473
  },
  "autoLeavePoints": {
    "a": [
      3.604997499701687e-8,
      3.763891963217382e-8,
      4.827085350348644e-9,
      6.947819208807748e-8,
      -1.4508891728411566e-7,
      -1.8349559794316739e-7
    ],
    "b": [
      0.0007548440245600717,
      0.0007365887877011273,
      0.00020815171818638876,
      0.001098908441922664,
      0.0007280090561446751,
      -0.0012567674515224319
    ],
    "c": [
      0.14026960408936678,
      0.13319918526064958,
      0.07806542731687359,
      0.16972302517739893,
      0.15865257848022368,
      -0.01631527806675969
    ],
    "d": -0.1786213185875731
  },
  "teleopAmpNotePoints": {
    "a": [
      1.0865201969575711e-7,
      7.178113222198665e-8,
      8.071902807161328e-9,
      1.4131376236947964e-7,
      -0.00000327979399997901,
      -1.1295898064300622e-7
    ],
    "b": [
      0.0016473172765960379,
      0.001056621461358417,
      0.00026266098025433507,
      0.001482275035987622,
      -0.007277621632972912,
      0.00033834949340718945
    ],
    "c": [
      0.24454975325092315,
      0.17434256769542236,
      0.08869874763994211,
      0.16097270846495632,
      0.16440806200404195,
      0.2015138878848115
    ],
    "d": -0.4201638428809673
  },
  "teleopSpeakerNotePoints": {
    "a": [
      -6.319021916859309e-7,
      -0.00000682602956668443,
      -1.0734892900185896e-7,
      -0.000003004361627160907,
      -0.00002868045693568009,
      -0.000012963030768066346
    ],
    "b": [
      0.004974871027382839,
      -0.011438757912427835,
      0.0009935502593892002,
      -0.005544027255516616,
      -0.0029211975285515336,
      -0.004073123996949797
    ],
    "c": [
      0.19973328489848396,
      0.1930997811632357,
      0.15483991829822183,
      0.2811040021715737,
      -0.012316343197349892,
      0.6709240705644423
    ],
    "d": 0.615214599983735
  },
  "foulPoints": {
    "a": [
      -0.0000011170254952565499,
      -1.4767740129719888e-7,
      -1.6520957339597424e-7,
      0.0000033903558002343727,
      -0.000009070786664516747,
      -0.0000022478249460309103
    ],
    "b": [
      -0.0067758161503557075,
      -0.002046180627594138,
      -0.0011550045432211751,
      0.007532487201155078,
      -0.016718758752418218,
      -0.010222108621388198
    ],
    "c": [
      -0.2103958883962937,
      0.08383020979128356,
      0.21988791048165487,
      -0.08338246332567863,
      0.5774026143639875,
      0.09058181238476622
    ],
    "d": -1.003464772052077
  },
  "endGameHarmonyPoints": {
    "a": [
      2.221632825880002e-14,
      3.886874902986483e-17,
      5.980555146621071e-14,
      2.226040157850334e-15,
      2.6271610562789338e-14,
      1.1621870402172333e-14
    ],
    "b": [
      5.976549038297693e-9,
      1.1217604628980597e-11,
      8.9708327199316e-9,
      1.1130200789237425e-10,
      7.90694827342235e-9,
      4.3393660131217315e-9
    ],
    "c": [
      0.000017897511120821463,
      3.3059001426232414e-8,
      0.00001345624907458135,
      5.565100216535499e-8,
      0.00003009479108592987,
      0.00001624456102114298
    ],
    "d": -0.001820956927946066
  },
  "endGameNoteInTrapPoints": {
    "a": [
      1.28100895011231e-11,
      7.457333378555827e-11,
      1.3902083427402074e-11,
      2.498237903297838e-10,
      3.965517209856114e-11,
      9.11861044941356e-13
    ],
    "b": [
      7.795904025577256e-7,
      0.0000017969704083862014,
      8.341250056437666e-7,
      0.000004996475805034277,
      0.0000018438683353229163,
      1.354807559904959e-7
    ],
    "c": [
      0.0005257877357412282,
      0.0005168165396225365,
      0.0005004749956628803,
      0.0009992939118879038,
      0.0009153127763086494,
      0.00020237768459443797
    ],
    "d": -0.00655320001499267
  },
  "endGameOnStagePoints": {
    "a": [
      1.3529211534736799e-8,
      3.21219661687185e-8,
      5.755195046017103e-9,
      -3.8284134952705645e-8,
      -3.228616171201955e-7,
      -3.1661095993784637e-8
    ],
    "b": [
      0.00041433657386018334,
      0.0006184068699595143,
      0.00023484996958271913,
      -0.00021951792709966176,
      -0.0007039357086007844,
      -0.00011920989643035421
    ],
    "c": [
      0.1367126678402522,
      0.12497046924222521,
      0.1030245295125037,
      0.043701969631586464,
      0.19113974892860458,
      0.08856262058262494
    ],
    "d": -0.4875837402075122
  },
  "endGameParkPoints": {
    "a": [
      1.8302642920733964e-9,
      2.3883708669199025e-9,
      2.2436597198746371e-10,
      2.994006139446527e-9,
      5.7193761705506516e-8,
      7.4080746809791935e-9
    ],
    "b": [
      0.00009689588458500466,
      0.00011520845646194867,
      0.000024464927650854015,
      0.00012075063234130335,
      0.001057542955967424,
      0.0002637260507774785
    ],
    "c": [
      0.05734995486541393,
      0.061797159356407234,
      0.028626774484852024,
      0.05770662670896877,
      0.1992759998185494,
      0.09810719830735028
    ],
    "d": -0.38224596331282373
  },
  "endGameSpotLightBonusPoints": {
    "a": [
      1.1227200541240283e-16,
      6.640890733689307e-18,
      3.811254823501009e-15,
      1.6382764742775045e-15,
      7.518123558074553e-16,
      2.9975254847370804e-17
    ],
    "b": [
      1.0583629647144033e-10,
      2.0347261424447847e-12,
      1.1307953875294894e-9,
      9.075996551563012e-11,
      2.9983817318089134e-10,
      1.3145659868103505e-11
    ],
    "c": [
      0.0000010313008731499408,
      6.900274561596686e-9,
      0.000003373514573216961,
      5.4226123355196194e-8,
      0.0000026241182007146184,
      6.499158685919243e-8
    ],
    "d": -0.0009102688700009252
  }
}