{
  "autoAmpNotePoints": {
    "a": [
      2.3171822880911797e-10,
      3.243682478828717e-10,
      1.1891220179875008e-9,
      6.98478091661064e-10,
      2.5521916272162794e-12,
      2.2119371440889685e-12
    ],
    "b": [
      2.0004402136446736e-7,
      2.689924346900634e-7,
      7.221745878291553e-7,
      4.6959838971365554e-7,
      8.239264414981722e-9,
      6.117572986298528e-9
    ],
    "c": [
      0.000568622493976992,
      0.000683488380955336,
      0.001234558321700735,
      0.0008953356662568971,
      0.00012140750128604421,
      0.00008106328926428914
    ],
    "d": 0.019606889748702526
  },
  "autoSpeakerNotePoints": {
    "a": [
      -0.0000030588974539216684,
      -0.000013181201760275218,
      0.00001754149461596088,
      0.000005081428330041593,
      -0.000018834935362787634,
      -0.00003715675506267939
    ],
    "b": [
      0.0007642061440862106,
      0.00042747143284036285,
      0.00031224749184236066,
      0.0003418603151003794,
      -0.0006968598926239863,
      -0.003378539117312628
    ],
    "c": [
      0.26030362588541556,
      0.1841512829539715,
      -0.006000510739772837,
      0.04876663952920358,
      0.4453304614384479,
      -0.001603459286273247
    ],
    "d": 2.057469938895806
  },
  "autoLeavePoints": {
    "a": [
      2.2042939369099835e-7,
      2.493906865654158e-7,
      4.829239662702338e-7,
      3.118384013085506e-7,
      2.0476711770254117e-7,
      4.5434144368175835e-8
    ],
    "b": [
      0.00011019037076000268,
      0.00011581741254877514,
      0.00018201547097929902,
      0.00012903274466007775,
      0.00010746775892916544,
      0.000031181821638746215
    ],
    "c": [
      0.1422725747117635,
      0.14288115253380249,
      0.18045373979125742,
      0.1456824711782928,
      0.143262136495003,
      0.06472060523443965
    ],
    "d": 0.7783924937150181
  },
  "teleopAmpNotePoints": {
    "a": [
      3.893024460696835e-7,
      8.025275311786762e-7,
      9.766937109286962e-7,
      5.77317705757759e-7,
      3.6717205048750055e-7,
      -1.4639818274113306e-8
    ],
    "b": [
      0.00015484516631450858,
      0.0002408051027842953,
      0.00024785371322244554,
      0.00016693114861119604,
      0.00016498222282172842,
      7.596192649497506e-7
    ],
    "c": [
      0.15104997913432938,
      0.17924168125269602,
      0.16541396436284236,
      0.12904769466250335,
      0.18169158861595322,
      0.03391889129655578
    ],
    "d": 0.7325766806800194
  },
  "teleopSpeakerNotePoints": {
    "a": [
      0.0000020379209537450986,
      0.000004958758674542974,
      -0.000018590721469591778,
      -0.000019375730964077542,
      -0.000006283950301069861,
      -0.000011455977439901356
    ],
    "b": [
      0.0002859104280587682,
      0.0003346575890969509,
      -0.0009142638512184423,
      -0.0009465048033973851,
      -0.00012443006412048645,
      -0.0007953675082761736
    ],
    "c": [
      0.1428728585541295,
      0.10906993283054024,
      0.10950646591026354,
      0.10813335979779247,
      0.29499753694293174,
      0.21702010524500584
    ],
    "d": 1.1861633915960326
  },
  "foulPoints": {
    "a": [
      -0.000006554397508474013,
      0.0000013349587470192451,
      0.0000018680379296168661,
      0.000005462952527828485,
      -6.188521987591524e-7,
      -9.712458928733775e-7
    ],
    "b": [
      -0.0005743932589395212,
      -0.00032349785650423517,
      -0.0008306079136347173,
      -0.00022797770473236752,
      0.00010240291704440585,
      -0.0000953231964427723
    ],
    "c": [
      0.0851832194222439,
      0.01182246805166795,
      0.03243712031741615,
      -0.0044791098243469815,
      0.3025651567661308,
      0.11448706307166755
    ],
    "d": 2.2942351951784166
  },
  "endGameHarmonyPoints": {
    "a": [
      4.0043286932875943e-11,
      1.9346865115523697e-10,
      1.2454298808050699e-9,
      6.462250342565091e-10,
      3.0612562208706397e-12,
      1.3721378689555243e-12
    ],
    "b": [
      9.801906253289566e-8,
      2.783325686898895e-7,
      0.0000012413928119598475,
      6.416081131814813e-7,
      2.1565102327837324e-8,
      8.409150922919778e-9
    ],
    "c": [
      0.000900080305668598,
      0.0012978575473112134,
      0.003098435692828832,
      0.0015982491310717753,
      0.0004965467813010571,
      0.00022795680565836389
    ],
    "d": 0.0674770631058956
  },
  "endGameNoteInTrapPoints": {
    "a": [
      9.529469796481339e-8,
      2.098010126588578e-7,
      9.115891692943051e-7,
      5.20282258668421e-7,
      2.1105949777693484e-9,
      2.8983369734024123e-10
    ],
    "b": [
      0.00004402623651521198,
      0.00007842791654532126,
      0.0001894868918207675,
      0.00012002313540010656,
      0.000003995686926664383,
      7.87987307136472e-7
    ],
    "c": [
      0.06184680766019126,
      0.07783045699983673,
      0.1136574784961063,
      0.08221391958413062,
      0.02139484397542526,
      0.008098824459553396
    ],
    "d": 0.3017680681699398
  },
  "endGameOnStagePoints": {
    "a": [
      1.4590853382686616e-7,
      2.8512457406857105e-7,
      7.342261476868939e-7,
      2.518387607031699e-7,
      1.487141007051844e-7,
      9.966459268956498e-9
    ],
    "b": [
      0.00008681022800848825,
      0.00011514935328759233,
      0.00020302016906431077,
      0.00008779091887213329,
      0.00008826077887354235,
      0.000012052480150145874
    ],
    "c": [
      0.12043922846128435,
      0.12181410769893544,
      0.15721952724212726,
      0.08862166192683178,
      0.13326923140118468,
      0.04437159507251943
    ],
    "d": 0.7981172534312067
  },
  "endGameParkPoints": {
    "a": [
      1.794758331899961e-8,
      1.9896608704471992e-8,
      5.31838862378238e-8,
      2.801319611675243e-8,
      1.49793063183225e-8,
      5.977088839228325e-9
    ],
    "b": [
      0.0000205956393352248,
      0.00002112390844845042,
      0.000041776540413231886,
      0.000024761052615065563,
      0.000019030282122185906,
      0.000008451675334799387
    ],
    "c": [
      0.06276739371162858,
      0.06132142972115105,
      0.08787973052901286,
      0.061639416730432876,
      0.06215386438186805,
      0.03508652279270091
    ],
    "d": 0.8371833970593947
  },
  "endGameSpotLightBonusPoints": {
    "a": [
      3.954912742966727e-12,
      2.466612689738402e-11,
      1.9198275636582327e-10,
      8.820837416137449e-11,
      7.046066888967293e-13,
      3.1601495505756524e-13
    ],
    "b": [
      1.684204374994294e-8,
      4.984921120062257e-8,
      2.50881012166212e-7,
      1.1296681310549375e-7,
      6.725831354186303e-9,
      2.635290256417567e-9
    ],
    "c": [
      0.00029456006986384455,
      0.00037536995639320814,
      0.0009413760121885094,
      0.00041583919985349225,
      0.00022281339167970447,
      0.00010008526702120403
    ],
    "d": 0.04679212987606878
  }
}