{
  "autoAmpNotePoints": {
    "a": [
      0,
      0,
      0,
      0,
      0,
      0
    ],
    "b": [
      0,
      0,
      0,
      0,
      0,
      0
    ],
    "c": [
      0,
      0,
      0,
      0,
      0,
      0
    ],
    "d": 0
  },
  "autoSpeakerNotePoints": {
    "a": [
      -0.000003452107800900341,
      -0.000007269008986240572,
      9.045985649038202e-7,
      0.000009327380689343856,
      0.000014676696519899611,
      0.00004058429902078343
    ],
    "b": [
      -0.0032101086146280777,
      -0.009960136213067473,
      0.007182357565416302,
      0.003614503318599766,
      -0.0041677477904263046,
      0.0030979177389957604
    ],
    "c": [
      0.4795247699843855,
      0.22948117533274393,
      0.6478054346080968,
      -0.1606983972743551,
      0.5129816786757245,
      -0.5375182268100883
    ],
    "d": -0.4548569683973211
  },
  "autoLeavePoints": {
    "a": [
      2.988154200770826e-8,
      3.1603599782428405e-8,
      3.749044298318592e-9,
      5.764566935263339e-8,
      -4.849171718268117e-8,
      -1.3106153340057846e-7
    ],
    "b": [
      0.0006287741792470081,
      0.0006252588203319328,
      0.00016418755880207484,
      0.0009305632748237159,
      0.001027093395263591,
      -0.0008316387604947678
    ],
    "c": [
      0.11895957122338367,
      0.11520013925012743,
      0.06358987681447942,
      0.14666006056542422,
      0.15668774440405056,
      0.0057884550987259845
    ],
    "d": -0.16332341126544642
  },
  "teleopAmpNotePoints": {
    "a": [
      9.908752945083529e-8,
      7.336978453023628e-8,
      7.352923494912428e-9,
      1.2583915614888452e-7,
      -0.0000031272345250266935,
      -8.548920746688297e-8
    ],
    "b": [
      0.0015188476417932145,
      0.001084104400490636,
      0.0002466046097694265,
      0.0013970849278793773,
      -0.006819100102052174,
      0.0004359209484401592
    ],
    "c": [
      0.23040339271945523,
      0.17731057648988802,
      0.08612268438539138,
      0.16562414078983131,
      0.1583362979817688,
      0.19461898466943967
    ],
    "d": -0.39511204592025256
  },
  "teleopSpeakerNotePoints": {
    "a": [
      -1.4830511817310263e-7,
      -0.0000039722011518916965,
      -5.791356370928537e-8,
      -0.000002167429692807483,
      -0.000019166087979039194,
      -0.000006190198192984933
    ],
    "b": [
      0.0038231977093765635,
      -0.007678357538140047,
      0.0006106799050088003,
      -0.0036500495136639124,
      -0.005475537016626582,
      0.0001084321889487354
    ],
    "c": [
      0.2409971406258367,
      0.10486083227816285,
      0.12931823197603307,
      0.2304341166268541,
      0.14689989591577562,
      0.4836180587086239
    ],
    "d": 0.17766277606846087
  },
  "foulPoints": {
    "a": [
      -9.372487524558267e-7,
      -1.484297011972789e-7,
      -1.0278316215274934e-7,
      0.000002701595987666796,
      -0.000007837490257408158,
      -0.0000018310968437373176
    ],
    "b": [
      -0.00571780762519733,
      -0.001725889676618292,
      -0.0005612768127034172,
      0.006174168343415033,
      -0.014600755168805185,
      -0.008485212677565692
    ],
    "c": [
      -0.1840005416733787,
      0.06506226492675139,
      0.21114501090649096,
      -0.057894704642160615,
      0.5284308567944872,
      0.08239666097023896
    ],
    "d": -0.9378970593056276
  },
  "endGameHarmonyPoints": {
    "a": [
      2.221632825880002e-14,
      3.886874902986483e-17,
      5.980555146621071e-14,
      2.226040157850334e-15,
      2.6271610562789338e-14,
      1.1621870402172333e-14
    ],
    "b": [
      5.976549038297693e-9,
      1.1217604628980597e-11,
      8.9708327199316e-9,
      1.1130200789237425e-10,
      7.90694827342235e-9,
      4.3393660131217315e-9
    ],
    "c": [
      0.000017897511120821463,
      3.3059001426232414e-8,
      0.00001345624907458135,
      5.565100216535499e-8,
      0.00003009479108592987,
      0.00001624456102114298
    ],
    "d": -0.001820956927946066
  },
  "endGameNoteInTrapPoints": {
    "a": [
      1.28100895011231e-11,
      7.457333378555827e-11,
      1.3902083427402074e-11,
      2.498237903297838e-10,
      3.965517209856114e-11,
      9.11861044941356e-13
    ],
    "b": [
      7.795904025577256e-7,
      0.0000017969704083862014,
      8.341250056437666e-7,
      0.000004996475805034277,
      0.0000018438683353229163,
      1.354807559904959e-7
    ],
    "c": [
      0.0005257877357412282,
      0.0005168165396225365,
      0.0005004749956628803,
      0.0009992939118879038,
      0.0009153127763086494,
      0.00020237768459443797
    ],
    "d": -0.00655320001499267
  },
  "endGameOnStagePoints": {
    "a": [
      1.1743178594011735e-8,
      2.4582926921064258e-8,
      4.408707186341428e-9,
      -1.9973542623920697e-8,
      -1.4911339640413713e-7,
      -1.3919569638507172e-8
    ],
    "b": [
      0.00034944853537589,
      0.0004908302750299771,
      0.0001810052532121115,
      -0.000059439602727495726,
      0.00013164045537206734,
      0.000055781727419619894
    ],
    "c": [
      0.11199647477264445,
      0.10482212006613091,
      0.08026941562898486,
      0.04618087343724531,
      0.18459876082342186,
      0.08607142920050408
    ],
    "d": -0.38253534663679306
  },
  "endGameParkPoints": {
    "a": [
      1.7644655685142528e-9,
      2.309198365762063e-9,
      2.163546035092673e-10,
      2.902835287794583e-9,
      5.71254897511501e-8,
      7.433210993208614e-9
    ],
    "b": [
      0.00009386209759315754,
      0.00011162496601979184,
      0.000023684257699670924,
      0.00011771297802784738,
      0.001047794784102909,
      0.000262124505864905
    ],
    "c": [
      0.05578029145095459,
      0.060072983745864096,
      0.0278364582621925,
      0.05646640485447875,
      0.19590145803690595,
      0.0965928323538605
    ],
    "d": -0.3729880074398679
  },
  "endGameSpotLightBonusPoints": {
    "a": [
      1.1227200541240283e-16,
      6.640890733689307e-18,
      3.811254823501009e-15,
      1.6382764742775045e-15,
      7.518123558074553e-16,
      2.9975254847370804e-17
    ],
    "b": [
      1.0583629647144033e-10,
      2.0347261424447847e-12,
      1.1307953875294894e-9,
      9.075996551563012e-11,
      2.9983817318089134e-10,
      1.3145659868103505e-11
    ],
    "c": [
      0.0000010313008731499408,
      6.900274561596686e-9,
      0.000003373514573216961,
      5.4226123355196194e-8,
      0.0000026241182007146184,
      6.499158685919243e-8
    ],
    "d": -0.0009102688700009252
  }
}